{
  "data": [
    {
      "id": 137,
      "permalink": "il-quattro-lp",
      "name": "IL Quattro",
      "logo": "il-quattro-lp.png?406111",
      "logo_url": "http://beta.alquilatucancha.com/uploads/clubs/il-quattro-lp.png?406111",
      "background": "il-quattro-lp.jpeg?171357",
      "background_url": "http://beta.alquilatucancha.com/uploads/clubs/bg/il-quattro-lp.jpeg?171357",
      "location": {
        "name": "61 1566",
        "city": "La Plata",
        "lat": "-34.9400132",
        "lng": "-57.9602678"
      },
      "zone": {
        "id": 10,
        "name": "La Plata",
        "full_name": "La Plata, Buenos Aires, Argentina",
        "placeid": "ChIJoYUAHyvmopUR4xJzVPBE_Lw",
        "country": { "id": 1, "name": "Argentina", "iso_code": "ar" }
      },
      "props": {
        "sponsor": false,
        "favorite": false,
        "stars": "5.00",
        "payment": false
      },
      "attributes": ["showers", "parking", "grill"],
      "openhours": [
        { "day_of_week": 6, "open_time": 12, "close_time": 24, "open": true }
      ],
      "courts": [
        {
          "id": 490,
          "name": "Cancha 1",
          "attributes": {
            "floor": "synthetic",
            "light": true,
            "roofed": true,
            "beelup": false
          },
          "sports": [
            {
              "id": 2,
              "parent_id": 1,
              "name": "FOOTBALL5",
              "players_max": 10,
              "order": 0,
              "default_duration": 60,
              "divisible_duration": 30,
              "icon": "football5.png",
              "pivot": { "court_id": 490, "sport_id": 2, "enabled": 1 }
            }
          ],
          "available": [
            {
              "price": 3600,
              "duration": 60,
              "datetime": "2022-08-20 15:00",
              "start": "15:00",
              "end": "16:00",
              "_priority": 0
            },
            {
              "price": 3600,
              "duration": 60,
              "datetime": "2022-08-20 16:00",
              "start": "16:00",
              "end": "17:00",
              "_priority": 0
            },
            {
              "price": 3600,
              "duration": 60,
              "datetime": "2022-08-20 17:00",
              "start": "17:00",
              "end": "18:00",
              "_priority": 0
            },
            {
              "price": 3600,
              "duration": 60,
              "datetime": "2022-08-20 18:00",
              "start": "18:00",
              "end": "19:00",
              "_priority": 0
            },
            {
              "price": 3600,
              "duration": 60,
              "datetime": "2022-08-20 19:00",
              "start": "19:00",
              "end": "20:00",
              "_priority": 0
            },
            {
              "price": 3600,
              "duration": 60,
              "datetime": "2022-08-20 20:00",
              "start": "20:00",
              "end": "21:00",
              "_priority": 0
            },
            {
              "price": 3600,
              "duration": 60,
              "datetime": "2022-08-20 21:00",
              "start": "21:00",
              "end": "22:00",
              "_priority": 0
            },
            {
              "price": 3600,
              "duration": 60,
              "datetime": "2022-08-20 22:00",
              "start": "22:00",
              "end": "23:00",
              "_priority": 0
            },
            {
              "price": 3600,
              "duration": 60,
              "datetime": "2022-08-20 23:00",
              "start": "23:00",
              "end": "00:00",
              "_priority": 0
            }
          ]
        },
        {
          "id": 491,
          "name": "Cancha 2",
          "attributes": {
            "floor": "synthetic",
            "light": true,
            "roofed": false,
            "beelup": false
          },
          "sports": [
            {
              "id": 2,
              "parent_id": 1,
              "name": "FOOTBALL5",
              "players_max": 10,
              "order": 0,
              "default_duration": 60,
              "divisible_duration": 30,
              "icon": "football5.png",
              "pivot": { "court_id": 491, "sport_id": 2, "enabled": 1 }
            }
          ],
          "available": [
            {
              "price": 3500,
              "duration": 60,
              "datetime": "2022-08-20 15:00",
              "start": "15:00",
              "end": "16:00",
              "_priority": 0
            },
            {
              "price": 3500,
              "duration": 60,
              "datetime": "2022-08-20 16:00",
              "start": "16:00",
              "end": "17:00",
              "_priority": 0
            },
            {
              "price": 3500,
              "duration": 60,
              "datetime": "2022-08-20 17:00",
              "start": "17:00",
              "end": "18:00",
              "_priority": 0
            },
            {
              "price": 3500,
              "duration": 60,
              "datetime": "2022-08-20 18:00",
              "start": "18:00",
              "end": "19:00",
              "_priority": 0
            },
            {
              "price": 3500,
              "duration": 60,
              "datetime": "2022-08-20 19:00",
              "start": "19:00",
              "end": "20:00",
              "_priority": 0
            },
            {
              "price": 3500,
              "duration": 60,
              "datetime": "2022-08-20 20:00",
              "start": "20:00",
              "end": "21:00",
              "_priority": 0
            },
            {
              "price": 3500,
              "duration": 60,
              "datetime": "2022-08-20 21:00",
              "start": "21:00",
              "end": "22:00",
              "_priority": 0
            },
            {
              "price": 3500,
              "duration": 60,
              "datetime": "2022-08-20 22:00",
              "start": "22:00",
              "end": "23:00",
              "_priority": 0
            },
            {
              "price": 3500,
              "duration": 60,
              "datetime": "2022-08-20 23:00",
              "start": "23:00",
              "end": "00:00",
              "_priority": 0
            }
          ]
        },
        {
          "id": 492,
          "name": "Cancha 3",
          "attributes": {
            "floor": "synthetic",
            "light": true,
            "roofed": false,
            "beelup": false
          },
          "sports": [
            {
              "id": 2,
              "parent_id": 1,
              "name": "FOOTBALL5",
              "players_max": 10,
              "order": 0,
              "default_duration": 60,
              "divisible_duration": 30,
              "icon": "football5.png",
              "pivot": { "court_id": 492, "sport_id": 2, "enabled": 1 }
            }
          ],
          "available": [
            {
              "price": 3500,
              "duration": 60,
              "datetime": "2022-08-20 16:30",
              "start": "16:30",
              "end": "17:30",
              "_priority": 0
            },
            {
              "price": 3500,
              "duration": 60,
              "datetime": "2022-08-20 17:30",
              "start": "17:30",
              "end": "18:30",
              "_priority": 0
            },
            {
              "price": 3500,
              "duration": 60,
              "datetime": "2022-08-20 18:30",
              "start": "18:30",
              "end": "19:30",
              "_priority": 0
            },
            {
              "price": 3500,
              "duration": 60,
              "datetime": "2022-08-20 19:30",
              "start": "19:30",
              "end": "20:30",
              "_priority": 0
            },
            {
              "price": 3500,
              "duration": 60,
              "datetime": "2022-08-20 20:30",
              "start": "20:30",
              "end": "21:30",
              "_priority": 0
            },
            {
              "price": 3500,
              "duration": 60,
              "datetime": "2022-08-20 21:30",
              "start": "21:30",
              "end": "22:30",
              "_priority": 0
            },
            {
              "price": 3500,
              "duration": 60,
              "datetime": "2022-08-20 22:30",
              "start": "22:30",
              "end": "23:30",
              "_priority": 0
            }
          ]
        },
        {
          "id": 493,
          "name": "Cancha 4",
          "attributes": {
            "floor": "synthetic",
            "light": true,
            "roofed": false,
            "beelup": false
          },
          "sports": [
            {
              "id": 2,
              "parent_id": 1,
              "name": "FOOTBALL5",
              "players_max": 10,
              "order": 0,
              "default_duration": 60,
              "divisible_duration": 30,
              "icon": "football5.png",
              "pivot": { "court_id": 493, "sport_id": 2, "enabled": 1 }
            }
          ],
          "available": [
            {
              "price": 3500,
              "duration": 60,
              "datetime": "2022-08-20 12:00",
              "start": "12:00",
              "end": "13:00",
              "_priority": 0
            },
            {
              "price": 3500,
              "duration": 60,
              "datetime": "2022-08-20 13:00",
              "start": "13:00",
              "end": "14:00",
              "_priority": 0
            },
            {
              "price": 3500,
              "duration": 60,
              "datetime": "2022-08-20 13:30",
              "start": "13:30",
              "end": "14:30",
              "_priority": 0
            },
            {
              "price": 3500,
              "duration": 60,
              "datetime": "2022-08-20 14:00",
              "start": "14:00",
              "end": "15:00",
              "_priority": 0
            },
            {
              "price": 3500,
              "duration": 60,
              "datetime": "2022-08-20 14:30",
              "start": "14:30",
              "end": "15:30",
              "_priority": 0
            },
            {
              "price": 3500,
              "duration": 60,
              "datetime": "2022-08-20 15:00",
              "start": "15:00",
              "end": "16:00",
              "_priority": 0
            },
            {
              "price": 3500,
              "duration": 60,
              "datetime": "2022-08-20 15:30",
              "start": "15:30",
              "end": "16:30",
              "_priority": 0
            },
            {
              "price": 3500,
              "duration": 60,
              "datetime": "2022-08-20 16:00",
              "start": "16:00",
              "end": "17:00",
              "_priority": 0
            },
            {
              "price": 3500,
              "duration": 60,
              "datetime": "2022-08-20 16:30",
              "start": "16:30",
              "end": "17:30",
              "_priority": 0
            },
            {
              "price": 3500,
              "duration": 60,
              "datetime": "2022-08-20 17:00",
              "start": "17:00",
              "end": "18:00",
              "_priority": 0
            },
            {
              "price": 3500,
              "duration": 60,
              "datetime": "2022-08-20 17:30",
              "start": "17:30",
              "end": "18:30",
              "_priority": 0
            },
            {
              "price": 3500,
              "duration": 60,
              "datetime": "2022-08-20 18:00",
              "start": "18:00",
              "end": "19:00",
              "_priority": 0
            },
            {
              "price": 3500,
              "duration": 60,
              "datetime": "2022-08-20 18:30",
              "start": "18:30",
              "end": "19:30",
              "_priority": 0
            },
            {
              "price": 3500,
              "duration": 60,
              "datetime": "2022-08-20 19:00",
              "start": "19:00",
              "end": "20:00",
              "_priority": 0
            },
            {
              "price": 3500,
              "duration": 60,
              "datetime": "2022-08-20 19:30",
              "start": "19:30",
              "end": "20:30",
              "_priority": 0
            },
            {
              "price": 3500,
              "duration": 60,
              "datetime": "2022-08-20 20:00",
              "start": "20:00",
              "end": "21:00",
              "_priority": 0
            },
            {
              "price": 3500,
              "duration": 60,
              "datetime": "2022-08-20 20:30",
              "start": "20:30",
              "end": "21:30",
              "_priority": 0
            },
            {
              "price": 3500,
              "duration": 60,
              "datetime": "2022-08-20 21:00",
              "start": "21:00",
              "end": "22:00",
              "_priority": 0
            },
            {
              "price": 3500,
              "duration": 60,
              "datetime": "2022-08-20 21:30",
              "start": "21:30",
              "end": "22:30",
              "_priority": 0
            },
            {
              "price": 3500,
              "duration": 60,
              "datetime": "2022-08-20 22:00",
              "start": "22:00",
              "end": "23:00",
              "_priority": 0
            },
            {
              "price": 3500,
              "duration": 60,
              "datetime": "2022-08-20 22:30",
              "start": "22:30",
              "end": "23:30",
              "_priority": 0
            },
            {
              "price": 3500,
              "duration": 60,
              "datetime": "2022-08-20 23:00",
              "start": "23:00",
              "end": "00:00",
              "_priority": 0
            }
          ]
        }
      ],
      "_priority": 1
    },
    {
      "id": 609,
      "permalink": "al-toque-canchita-laplata",
      "name": "Al toque canchita",
      "logo": "al-toque-canchita-laplata.png?305474",
      "logo_url": "http://beta.alquilatucancha.com/uploads/clubs/al-toque-canchita-laplata.png?305474",
      "background": "al-toque-canchita-laplata.jpeg?642668",
      "background_url": "http://beta.alquilatucancha.com/uploads/clubs/bg/al-toque-canchita-laplata.jpeg?642668",
      "location": {
        "name": "Calle 44 esquina 136 y 137",
        "city": "La Plata",
        "lat": "-34.9385545",
        "lng": "-57.9854508"
      },
      "zone": {
        "id": 10,
        "name": "La Plata",
        "full_name": "La Plata, Buenos Aires, Argentina",
        "placeid": "ChIJoYUAHyvmopUR4xJzVPBE_Lw",
        "country": { "id": 1, "name": "Argentina", "iso_code": "ar" }
      },
      "props": {
        "sponsor": false,
        "favorite": false,
        "stars": "5.00",
        "payment": false
      },
      "attributes": ["showers", "parking", "grill"],
      "openhours": [
        { "day_of_week": 6, "open_time": 9, "close_time": 24, "open": true }
      ],
      "courts": [
        {
          "id": 1883,
          "name": "Cancha 1 F5",
          "attributes": {
            "floor": "synthetic",
            "light": true,
            "roofed": true,
            "beelup": false
          },
          "sports": [
            {
              "id": 2,
              "parent_id": 1,
              "name": "FOOTBALL5",
              "players_max": 10,
              "order": 0,
              "default_duration": 60,
              "divisible_duration": 30,
              "icon": "football5.png",
              "pivot": { "court_id": 1883, "sport_id": 2, "enabled": 1 }
            }
          ],
          "available": [
            {
              "price": 2500,
              "duration": 60,
              "datetime": "2022-08-20 09:00",
              "start": "09:00",
              "end": "10:00",
              "_priority": 0
            },
            {
              "price": 2500,
              "duration": 60,
              "datetime": "2022-08-20 10:00",
              "start": "10:00",
              "end": "11:00",
              "_priority": 0
            },
            {
              "price": 2500,
              "duration": 60,
              "datetime": "2022-08-20 11:00",
              "start": "11:00",
              "end": "12:00",
              "_priority": 0
            },
            {
              "price": 2500,
              "duration": 60,
              "datetime": "2022-08-20 12:00",
              "start": "12:00",
              "end": "13:00",
              "_priority": 0
            },
            {
              "price": 2500,
              "duration": 60,
              "datetime": "2022-08-20 13:00",
              "start": "13:00",
              "end": "14:00",
              "_priority": 0
            },
            {
              "price": 2500,
              "duration": 60,
              "datetime": "2022-08-20 14:00",
              "start": "14:00",
              "end": "15:00",
              "_priority": 0
            },
            {
              "price": 2500,
              "duration": 60,
              "datetime": "2022-08-20 15:00",
              "start": "15:00",
              "end": "16:00",
              "_priority": 0
            },
            {
              "price": 2500,
              "duration": 60,
              "datetime": "2022-08-20 16:00",
              "start": "16:00",
              "end": "17:00",
              "_priority": 0
            },
            {
              "price": 2500,
              "duration": 60,
              "datetime": "2022-08-20 17:00",
              "start": "17:00",
              "end": "18:00",
              "_priority": 0
            },
            {
              "price": 2500,
              "duration": 60,
              "datetime": "2022-08-20 18:00",
              "start": "18:00",
              "end": "19:00",
              "_priority": 0
            },
            {
              "price": 2500,
              "duration": 60,
              "datetime": "2022-08-20 19:00",
              "start": "19:00",
              "end": "20:00",
              "_priority": 0
            },
            {
              "price": 2500,
              "duration": 60,
              "datetime": "2022-08-20 20:00",
              "start": "20:00",
              "end": "21:00",
              "_priority": 0
            },
            {
              "price": 2500,
              "duration": 60,
              "datetime": "2022-08-20 21:00",
              "start": "21:00",
              "end": "22:00",
              "_priority": 0
            },
            {
              "price": 2500,
              "duration": 60,
              "datetime": "2022-08-20 22:00",
              "start": "22:00",
              "end": "23:00",
              "_priority": 0
            },
            {
              "price": 2500,
              "duration": 60,
              "datetime": "2022-08-20 23:00",
              "start": "23:00",
              "end": "00:00",
              "_priority": 0
            }
          ]
        }
      ],
      "_priority": 1
    },
    {
      "id": 742,
      "permalink": "complejo-new-west-la-plata",
      "name": "Complejo New West",
      "logo": "complejo-new-west-la-plata.png?909602",
      "logo_url": "http://beta.alquilatucancha.com/uploads/clubs/complejo-new-west-la-plata.png?909602",
      "background": "complejo-new-west-la-plata.jpeg?294997",
      "background_url": "http://beta.alquilatucancha.com/uploads/clubs/bg/complejo-new-west-la-plata.jpeg?294997",
      "location": {
        "name": "Av. 31 esq. 511, La Plata",
        "city": "La Plata",
        "lat": "-34.9040722",
        "lng": "-58.0178171"
      },
      "zone": {
        "id": 10,
        "name": "La Plata",
        "full_name": "La Plata, Buenos Aires, Argentina",
        "placeid": "ChIJoYUAHyvmopUR4xJzVPBE_Lw",
        "country": { "id": 1, "name": "Argentina", "iso_code": "ar" }
      },
      "props": {
        "sponsor": false,
        "favorite": false,
        "stars": "5.00",
        "payment": false
      },
      "attributes": ["showers", "grill"],
      "openhours": [
        { "day_of_week": 6, "open_time": 11, "close_time": 22, "open": true }
      ],
      "courts": [
        {
          "id": 2468,
          "name": "Cancha F5 / Hockey",
          "attributes": {
            "floor": "synthetic",
            "light": true,
            "roofed": false,
            "beelup": false
          },
          "sports": [
            {
              "id": 2,
              "parent_id": 1,
              "name": "FOOTBALL5",
              "players_max": 10,
              "order": 0,
              "default_duration": 60,
              "divisible_duration": 30,
              "icon": "football5.png",
              "pivot": { "court_id": 2468, "sport_id": 2, "enabled": 1 }
            },
            {
              "id": 12,
              "parent_id": null,
              "name": "HOCKEY",
              "players_max": 10,
              "order": 13,
              "default_duration": 60,
              "divisible_duration": 30,
              "icon": "hockey.png",
              "pivot": { "court_id": 2468, "sport_id": 12, "enabled": 1 }
            }
          ],
          "available": [
            {
              "price": 2300,
              "duration": 60,
              "datetime": "2022-08-20 11:00",
              "start": "11:00",
              "end": "12:00",
              "_priority": 0
            },
            {
              "price": 2300,
              "duration": 60,
              "datetime": "2022-08-20 12:00",
              "start": "12:00",
              "end": "13:00",
              "_priority": 0
            },
            {
              "price": 2300,
              "duration": 60,
              "datetime": "2022-08-20 13:00",
              "start": "13:00",
              "end": "14:00",
              "_priority": 0
            },
            {
              "price": 2300,
              "duration": 60,
              "datetime": "2022-08-20 14:00",
              "start": "14:00",
              "end": "15:00",
              "_priority": 0
            },
            {
              "price": 2300,
              "duration": 60,
              "datetime": "2022-08-20 15:00",
              "start": "15:00",
              "end": "16:00",
              "_priority": 0
            },
            {
              "price": 2300,
              "duration": 60,
              "datetime": "2022-08-20 16:00",
              "start": "16:00",
              "end": "17:00",
              "_priority": 0
            },
            {
              "price": 2300,
              "duration": 60,
              "datetime": "2022-08-20 17:00",
              "start": "17:00",
              "end": "18:00",
              "_priority": 0
            },
            {
              "price": 2300,
              "duration": 60,
              "datetime": "2022-08-20 18:00",
              "start": "18:00",
              "end": "19:00",
              "_priority": 0
            },
            {
              "price": 2300,
              "duration": 60,
              "datetime": "2022-08-20 19:00",
              "start": "19:00",
              "end": "20:00",
              "_priority": 0
            },
            {
              "price": 2300,
              "duration": 60,
              "datetime": "2022-08-20 20:00",
              "start": "20:00",
              "end": "21:00",
              "_priority": 0
            },
            {
              "price": 2300,
              "duration": 60,
              "datetime": "2022-08-20 21:00",
              "start": "21:00",
              "end": "22:00",
              "_priority": 0
            }
          ]
        }
      ],
      "_priority": 1
    }
  ]
}
